0.3071,0.077483,0.014038,0.080402,0.013806,0.081321,0.010503,0.072607,0.011238,0.031397,0.036929,0.040515,0.03612,0.030247,0.031076,0.02717,0.025541,0.062849,0.044954,0.06166,0.044068,0.068085,0.035372,0.051697,0.040242,0.070023,0.062017,0.057861,0.053438,0.064576,0.043776,0.056919,0.046964,0.06876,0.052646,0.062046,0.046436,0.074717,0.039612,0.052829,0.047574,0.047089,0.044595,0.040558,0.033703,0.038341,0.03814,0.041217,0.043711,0.030425,0.064167,0.035598,0.063485,0.025034,0.068719,0.035209,0.083247,0.59809,0.63479
0.35369,0.096181,0.015607,0.093531,0.013,0.093421,0.015294,0.09412,0.015763,0.038759,0.039653,0.039629,0.035913,0.03701,0.035236,0.037989,0.03485,0.056119,0.05139,0.066785,0.05154,0.059443,0.049541,0.066486,0.044631,0.065301,0.074383,0.06785,0.072376,0.068359,0.090142,0.06453,0.062768,0.0603,0.060263,0.062078,0.047682,0.06781,0.055155,0.056665,0.047022,0.046375,0.041199,0.041799,0.039312,0.041405,0.041879,0.04284,0.043582,0.024792,0.083429,0.027751,0.086024,0.02327,0.083697,0.019608,0.087575,0.42265,0.71455
0.3099,0.09465,0.015377,0.087392,0.014554,0.089994,0.010256,0.076197,0.011247,0.034261,0.038283,0.037502,0.037184,0.029567,0.033489,0.030942,0.031118,0.078054,0.04524,0.05803,0.038033,0.058744,0.042541,0.062299,0.040676,0.0675,0.05941,0.049555,0.055585,0.084115,0.066095,0.063057,0.071301,0.073982,0.045532,0.061084,0.044697,0.074556,0.038382,0.073656,0.051839,0.044589,0.046614,0.040484,0.035389,0.033087,0.041004,0.048227,0.050684,0.033753,0.07231,0.030591,0.06772,0.030043,0.0755,0.037411,0.089032,0.51407,0.68579
0.3518,0.086299,0.020122,0.10477,0.016125,0.088314,0.014259,0.089028,0.012199,0.038347,0.045835,0.042697,0.038674,0.041385,0.037845,0.037714,0.038941,0.064635,0.051015,0.06645,0.055046,0.06257,0.060561,0.066122,0.056197,0.064131,0.069516,0.079474,0.077426,0.073382,0.078817,0.072812,0.073245,0.05211,0.050679,0.067471,0.046565,0.061082,0.046333,0.061392,0.051786,0.045305,0.0415,0.041946,0.036383,0.041609,0.042061,0.043531,0.041249,0.024566,0.072414,0.022105,0.092675,0.019205,0.081552,0.022,0.10991,0.4212,0.71066
0.2689,0.10205,0.01579,0.079185,0.010294,0.086895,0.0077056,0.066383,0.011008,0.036173,0.040642,0.037223,0.029969,0.025562,0.027508,0.03341,0.032757,0.088867,0.045682,0.058169,0.040874,0.055885,0.041933,0.064665,0.047113,0.10019,0.078386,0.055511,0.051488,0.083368,0.097754,0.059505,0.07832,0.097515,0.050225,0.064437,0.034549,0.089921,0.047474,0.063696,0.067619,0.041824,0.037609,0.034648,0.032995,0.035046,0.049458,0.058476,0.05191,0.034397,0.0644,0.029378,0.07034,0.035489,0.087828,0.036337,0.076245,0.57647,0.63569
0.28387,0.076882,0.011502,0.094994,0.01285,0.081704,0.013894,0.097383,0.01145,0.029392,0.034285,0.036249,0.03332,0.030066,0.030093,0.031996,0.028226,0.059983,0.033895,0.06097,0.059631,0.059484,0.03458,0.056003,0.048652,0.053469,0.056397,0.093921,0.10368,0.061177,0.058029,0.077634,0.08967,0.05579,0.05804,0.10002,0.052277,0.049412,0.040961,0.091759,0.054072,0.053162,0.050157,0.043073,0.038478,0.037511,0.039685,0.041717,0.04592,0.031311,0.069411,0.027923,0.092633,0.022569,0.063861,0.025846,0.095009,0.582,0.62627
0.28844,0.10178,0.012998,0.080563,0.012738,0.10862,0.012737,0.073478,0.011991,0.027721,0.036332,0.036732,0.030544,0.02788,0.031351,0.029469,0.033964,0.066877,0.053694,0.061709,0.045942,0.052678,0.057546,0.057407,0.049753,0.087899,0.089116,0.068524,0.061749,0.099235,0.11062,0.06379,0.085791,0.080293,0.053844,0.061725,0.039405,0.090977,0.048897,0.068505,0.049316,0.044183,0.041561,0.037037,0.030825,0.03372,0.041976,0.040009,0.043638,0.029378,0.082951,0.029816,0.072112,0.025615,0.095692,0.027365,0.079452,0.52363,0.66434
0.2929,0.078921,0.014015,0.079155,0.010852,0.082017,0.013874,0.068602,0.012616,0.02703,0.033767,0.03935,0.037778,0.029568,0.030738,0.025268,0.023671,0.055114,0.039917,0.063503,0.041513,0.060395,0.035592,0.049927,0.037903,0.051322,0.059308,0.059814,0.055002,0.06962,0.049723,0.046569,0.046609,0.086099,0.048458,0.058235,0.043002,0.068938,0.037288,0.050054,0.037629,0.046356,0.043965,0.040593,0.037254,0.032467,0.03174,0.040569,0.040586,0.035574,0.070742,0.032866,0.06867,0.02651,0.070259,0.038573,0.078563,0.57325,0.66828
0.26701,0.084282,0.012306,0.077571,0.008658,0.083442,0.011349,0.07971,0.0093511,0.031652,0.030759,0.034218,0.031385,0.027038,0.032208,0.028419,0.028056,0.052132,0.041907,0.065982,0.059232,0.051431,0.041459,0.065608,0.0485,0.066694,0.095433,0.093046,0.097174,0.082741,0.095837,0.079969,0.063233,0.090576,0.052486,0.10385,0.040042,0.093775,0.046551,0.085619,0.04333,0.034776,0.041609,0.039313,0.036772,0.03712,0.039801,0.037756,0.045982,0.037543,0.07459,0.03185,0.081986,0.029174,0.077547,0.032501,0.074413,0.56198,0.64271
0.31087,0.087202,0.015965,0.087665,0.015345,0.088783,0.013486,0.06784,0.01132,0.035491,0.040358,0.040541,0.033411,0.029986,0.029507,0.028192,0.027945,0.063163,0.042306,0.07346,0.04443,0.058117,0.034531,0.059739,0.035977,0.063035,0.072518,0.077887,0.053877,0.07384,0.066947,0.053213,0.05604,0.073634,0.063903,0.066107,0.041974,0.063682,0.046839,0.058207,0.056107,0.053139,0.047265,0.042374,0.032668,0.031759,0.043307,0.047884,0.054849,0.034598,0.072686,0.02576,0.066007,0.019818,0.077453,0.033605,0.089629,0.49478,0.70193
0.32637,0.074368,0.014716,0.09932,0.016033,0.079782,0.015919,0.088249,0.014768,0.031332,0.033629,0.03661,0.036725,0.032602,0.034339,0.028618,0.030314,0.059495,0.036437,0.070378,0.052878,0.05265,0.030139,0.052265,0.048339,0.054813,0.054328,0.08689,0.077371,0.05047,0.059859,0.060718,0.062088,0.061863,0.059669,0.083105,0.046179,0.055796,0.039399,0.063052,0.055225,0.044918,0.048785,0.044423,0.03677,0.033407,0.039207,0.03809,0.037584,0.033185,0.067041,0.027344,0.087651,0.029794,0.061416,0.026878,0.095756,0.48677,0.70199
0.33712,0.061448,0.014626,0.10043,0.013765,0.073132,0.014139,0.090815,0.016318,0.025133,0.03504,0.034511,0.034293,0.035233,0.034326,0.028686,0.031364,0.044139,0.0285,0.058889,0.052757,0.055408,0.026767,0.044138,0.043993,0.037549,0.045242,0.083624,0.08913,0.040203,0.036771,0.06101,0.074637,0.044025,0.054754,0.085966,0.052062,0.044576,0.039593,0.064157,0.045151,0.04177,0.038018,0.044957,0.036532,0.036274,0.037878,0.0309,0.039587,0.02798,0.074465,0.027821,0.1008,0.023361,0.060212,0.019819,0.099261,0.51267,0.68641
0.31001,0.10814,0.011617,0.080404,0.014349,0.12097,0.011111,0.076555,0.010844,0.032812,0.033291,0.034044,0.036309,0.037116,0.034025,0.0302,0.030113,0.05245,0.047621,0.058215,0.046819,0.058507,0.052174,0.057811,0.039976,0.064362,0.10117,0.063208,0.082518,0.087915,0.10243,0.056393,0.062224,0.079024,0.049471,0.071468,0.043683,0.082311,0.043319,0.06014,0.03888,0.043937,0.048295,0.043701,0.036983,0.034145,0.042819,0.040729,0.03818,0.027302,0.11357,0.026093,0.074362,0.020585,0.097747,0.022712,0.080756,0.47248,0.693
0.30725,0.10736,0.011642,0.068836,0.012004,0.11462,0.012491,0.069531,0.010246,0.030912,0.036131,0.040617,0.033033,0.030357,0.030848,0.036323,0.032673,0.054766,0.054816,0.072158,0.035251,0.050924,0.055868,0.065985,0.03069,0.098696,0.1299,0.056239,0.061227,0.095614,0.15687,0.040699,0.054524,0.095217,0.047867,0.051751,0.036096,0.086151,0.052908,0.040758,0.038843,0.040849,0.043706,0.038486,0.035681,0.039016,0.043114,0.040976,0.041339,0.032663,0.09494,0.026278,0.064682,0.024192,0.092414,0.027294,0.075382,0.4523,0.69948
0.30841,0.10973,0.0082306,0.0879,0.011958,0.1,0.010964,0.072784,0.010346,0.033672,0.035988,0.040417,0.038229,0.03392,0.03466,0.02863,0.029935,0.07162,0.049848,0.059914,0.035732,0.081897,0.050193,0.05266,0.037596,0.11,0.069382,0.05662,0.060887,0.15076,0.079098,0.054243,0.068243,0.076165,0.044855,0.055996,0.064655,0.079517,0.036582,0.055858,0.051523,0.049385,0.042103,0.045988,0.038035,0.039226,0.045404,0.040723,0.041168,0.036059,0.087494,0.030243,0.067541,0.029146,0.081763,0.031403,0.08745,0.45642,0.70091
0.31651,0.083092,0.016303,0.086997,0.014063,0.088839,0.013646,0.078004,0.011718,0.037262,0.042765,0.043106,0.035792,0.036418,0.034717,0.030059,0.033287,0.067735,0.047253,0.064726,0.05106,0.058046,0.048207,0.058481,0.054474,0.089672,0.084661,0.069505,0.066506,0.082006,0.097516,0.077046,0.084539,0.077301,0.050452,0.06358,0.043111,0.086209,0.045055,0.077495,0.053882,0.046632,0.045374,0.038521,0.037577,0.033175,0.038772,0.03998,0.049952,0.029899,0.079175,0.022508,0.080367,0.021165,0.087172,0.02795,0.085599,0.49193,0.6792
0.27771,0.094578,0.0093899,0.077768,0.011547,0.10457,0.0091113,0.077801,0.010798,0.036904,0.041865,0.044095,0.038689,0.034865,0.038767,0.033138,0.036794,0.081249,0.045683,0.079107,0.041906,0.073461,0.057812,0.081673,0.045234,0.092324,0.10146,0.07607,0.073039,0.11429,0.12315,0.076038,0.080547,0.093463,0.055115,0.073246,0.051044,0.10787,0.054697,0.077583,0.054893,0.050764,0.049222,0.048408,0.049782,0.044941,0.049355,0.048633,0.048662,0.035891,0.083179,0.033416,0.071215,0.031736,0.088961,0.029916,0.070429,0.47362,0.67694
0.30489,0.10034,0.013718,0.086263,0.013552,0.092712,0.01163,0.07397,0.011152,0.040085,0.045374,0.041855,0.038826,0.034545,0.035079,0.03747,0.044419,0.0821,0.060967,0.072131,0.04433,0.064315,0.048959,0.074055,0.044324,0.09763,0.086596,0.055178,0.060669,0.091493,0.10847,0.064679,0.077244,0.094949,0.057829,0.058405,0.049009,0.086828,0.05799,0.071473,0.058811,0.04919,0.04794,0.049011,0.037005,0.045731,0.059297,0.050847,0.053878,0.033333,0.086804,0.02453,0.074618,0.026582,0.093312,0.034692,0.084164,0.4764,0.67806
0.29237,0.093029,0.012187,0.089434,0.014442,0.098434,0.010123,0.072796,0.012184,0.035583,0.037468,0.039309,0.036443,0.029171,0.028075,0.030612,0.030711,0.060606,0.042316,0.069505,0.049014,0.053003,0.042614,0.060491,0.045664,0.072042,0.082456,0.076932,0.057283,0.063879,0.10016,0.059952,0.079983,0.0825,0.049529,0.062719,0.037552,0.082793,0.052066,0.064691,0.048496,0.045354,0.047624,0.038263,0.036925,0.036505,0.040502,0.04725,0.042342,0.033517,0.080132,0.026174,0.077058,0.027831,0.075171,0.027412,0.089715,0.54548,0.65807
0.22497,0.083853,0.009458,0.084556,0.0076306,0.083487,0.010164,0.074829,0.0065236,0.025469,0.028948,0.029111,0.024417,0.02173,0.024327,0.026163,0.022424,0.056093,0.032234,0.067493,0.045822,0.058893,0.034786,0.058436,0.039671,0.086074,0.08341,0.081131,0.079388,0.079257,0.076752,0.079757,0.072776,0.083598,0.041203,0.10427,0.040023,0.087801,0.043042,0.090634,0.036757,0.040152,0.038502,0.03534,0.034166,0.034267,0.037414,0.039667,0.036695,0.035368,0.063349,0.033364,0.076276,0.028425,0.061565,0.032773,0.070045,0.67464,0.56247
0.29903,0.088634,0.014486,0.088102,0.014923,0.085643,0.014082,0.068234,0.010906,0.039414,0.044079,0.042505,0.038396,0.032562,0.028577,0.032352,0.036021,0.076434,0.041097,0.066204,0.045011,0.067982,0.042095,0.066372,0.049299,0.072941,0.055846,0.090386,0.070806,0.076635,0.059257,0.070637,0.081891,0.063821,0.062569,0.080472,0.051713,0.054999,0.052449,0.086441,0.06562,0.055934,0.04975,0.047341,0.037628,0.035288,0.048203,0.049566,0.052068,0.03262,0.072907,0.02418,0.064475,0.027631,0.070118,0.034361,0.093032,0.51904,0.67278
0.19043,0.071943,0.0062737,0.057061,0.0086761,0.064257,0.0040815,0.049549,0.0063365,0.026356,0.026277,0.02539,0.021144,0.015726,0.015771,0.016283,0.017036,0.090859,0.038882,0.059828,0.019359,0.05028,0.022808,0.084143,0.016083,0.074626,0.068307,0.03169,0.022744,0.056678,0.043024,0.023279,0.035107,0.11036,0.038113,0.050524,0.023434,0.10478,0.020136,0.073269,0.041258,0.035077,0.032735,0.023143,0.018964,0.020979,0.02685,0.0311,0.038636,0.037649,0.050116,0.038166,0.030274,0.080843,0.046054,0.055977,0.042348,0.7847,0.47399
0.14979,0.086434,0.0042212,0.046552,0.0049488,0.094675,0.0026376,0.03812,0.0034899,0.019135,0.021675,0.019974,0.017952,0.015188,0.011606,0.014233,0.015961,0.087607,0.04719,0.067561,0.014643,0.072283,0.031618,0.057586,0.01204,0.097933,0.08643,0.027269,0.02805,0.084227,0.071408,0.016829,0.027819,0.15907,0.029117,0.079056,0.024,0.11231,0.019344,0.064962,0.034288,0.034632,0.030483,0.031502,0.019728,0.020782,0.02992,0.032564,0.037205,0.052246,0.064104,0.057235,0.019846,0.047699,0.064249,0.059259,0.030115,0.76128,0.48922
0.15999,0.061547,0.0077735,0.058092,0.0047096,0.06518,0.0025379,0.04967,0.0032781,0.021091,0.024375,0.022784,0.017863,0.012751,0.010108,0.010383,0.014107,0.062705,0.036391,0.093971,0.01542,0.085258,0.018968,0.053217,0.021404,0.069424,0.081527,0.036537,0.023834,0.046133,0.052437,0.027151,0.036316,0.10905,0.038394,0.067891,0.017621,0.15007,0.016115,0.054435,0.037131,0.031763,0.027337,0.020422,0.017669,0.015941,0.023758,0.026821,0.0333,0.058878,0.048131,0.078606,0.025595,0.041416,0.050183,0.040618,0.036836,0.81141,0.42854
0.26088,0.078482,0.010629,0.051357,0.011214,0.074696,0.010645,0.077047,0.0088278,0.028787,0.030293,0.029327,0.028717,0.022006,0.023849,0.020766,0.023679,0.059706,0.041135,0.049284,0.021569,0.096799,0.042207,0.092578,0.021477,0.081024,0.064434,0.038766,0.037478,0.13952,0.12916,0.041592,0.042467,0.066237,0.046649,0.06079,0.041955,0.30411,0.067426,0.04899,0.045084,0.039645,0.033818,0.037444,0.049794,0.050867,0.038697,0.032465,0.042025,0.025893,0.055724,0.074455,0.038146,0.060914,0.063126,0.022749,0.048468,0.58438,0.57815
0.25475,0.085187,0.010059,0.051536,0.010257,0.092012,0.0066014,0.072116,0.0071946,0.03202,0.030954,0.028041,0.032702,0.025234,0.025555,0.024415,0.025626,0.053719,0.049427,0.06644,0.023463,0.072126,0.05409,0.079367,0.022988,0.078428,0.08933,0.047213,0.03739,0.13732,0.13392,0.042773,0.044913,0.073521,0.052249,0.046723,0.029087,0.437,0.027455,0.048109,0.044238,0.037413,0.035569,0.032005,0.04465,0.040169,0.033665,0.034169,0.036689,0.022759,0.071573,0.05133,0.043277,0.060839,0.07264,0.02688,0.054339,0.49944,0.5752
0.30214,0.092613,0.010666,0.053046,0.012601,0.098323,0.010839,0.057876,0.0083521,0.031393,0.02489,0.028195,0.02772,0.022504,0.024584,0.021851,0.023799,0.044618,0.052321,0.052272,0.016565,0.048365,0.060435,0.058187,0.0202,0.072558,0.10641,0.030498,0.02039,0.11716,0.14146,0.028361,0.031793,0.076844,0.043927,0.031348,0.02307,0.3641,0.035148,0.034618,0.038156,0.033579,0.035382,0.029769,0.035562,0.036893,0.033982,0.037207,0.033011,0.027315,0.086123,0.046874,0.04222,0.041326,0.084833,0.024994,0.049013,0.48293,0.6284
0.21363,0.11873,0.0073156,0.044489,0.0096198,0.12125,0.004946,0.053943,0.0060147,0.025897,0.032228,0.031219,0.029124,0.023195,0.024042,0.027749,0.021025,0.059379,0.069251,0.057947,0.016253,0.067395,0.057014,0.076385,0.019006,0.14138,0.14181,0.031634,0.027486,0.15515,0.2447,0.027226,0.032304,0.13814,0.045551,0.032759,0.034147,0.41695,0.041263,0.029175,0.044082,0.043138,0.037893,0.033605,0.039417,0.060177,0.037026,0.032892,0.041918,0.023346,0.092758,0.044055,0.030258,0.056527,0.094867,0.023418,0.040809,0.43477,0.57454
0.22006,0.1268,0.0083372,0.045392,0.0073506,0.12466,0.0053968,0.049198,0.0066089,0.029834,0.033935,0.032576,0.028991,0.023548,0.025932,0.027395,0.024528,0.073121,0.071145,0.065803,0.021265,0.066276,0.065778,0.062067,0.017415,0.16424,0.11696,0.031229,0.029634,0.17989,0.18936,0.030953,0.03486,0.145,0.042571,0.034305,0.031891,0.44049,0.042043,0.033752,0.051629,0.041347,0.040724,0.037176,0.044668,0.052915,0.037457,0.042533,0.041902,0.026214,0.093202,0.027802,0.032514,0.03331,0.099077,0.025928,0.044714,0.3888,0.59386
0.29629,0.087198,0.013394,0.056041,0.013162,0.086604,0.0094474,0.070336,0.010573,0.028902,0.031739,0.032737,0.031617,0.022134,0.027608,0.031503,0.027125,0.054796,0.047583,0.05978,0.025927,0.061417,0.043766,0.084508,0.026799,0.065544,0.088179,0.041147,0.039438,0.10988,0.17367,0.049779,0.043315,0.06862,0.049012,0.040934,0.029375,0.31826,0.070371,0.045317,0.041663,0.036992,0.041452,0.028629,0.035997,0.056762,0.037437,0.037873,0.036449,0.026937,0.07082,0.048387,0.048968,0.052775,0.07203,0.025869,0.058186,0.50363,0.62304
0.27966,0.085386,0.014795,0.059094,0.016186,0.085434,0.0078393,0.071665,0.008239,0.029309,0.037306,0.032641,0.030619,0.023775,0.027766,0.029713,0.029294,0.055125,0.048224,0.059209,0.026359,0.065821,0.051029,0.08554,0.028737,0.06623,0.090069,0.039404,0.039189,0.12315,0.18724,0.041774,0.046963,0.076867,0.046364,0.044878,0.033322,0.33446,0.048512,0.04934,0.042636,0.039534,0.037215,0.034246,0.042961,0.063295,0.038273,0.0404,0.041171,0.027396,0.068333,0.053752,0.045982,0.059514,0.072568,0.028475,0.05645,0.50809,0.60863
0.24703,0.090789,0.012405,0.060807,0.0090674,0.075089,0.0099345,0.059999,0.007139,0.026212,0.034748,0.03467,0.029619,0.017538,0.01839,0.026238,0.023653,0.083727,0.043604,0.06541,0.023526,0.050864,0.029179,0.10273,0.025158,0.070645,0.11268,0.04204,0.034997,0.046773,0.078338,0.036715,0.043621,0.13066,0.057989,0.050347,0.023083,0.11501,0.03389,0.075824,0.042603,0.039774,0.038312,0.031885,0.023114,0.036864,0.037146,0.040308,0.041314,0.035205,0.058593,0.041176,0.044253,0.086584,0.060672,0.05422,0.046554,0.66998,0.56685
0.23458,0.12508,0.0073704,0.083101,0.0089225,0.11002,0.0039823,0.071793,0.0060093,0.035656,0.034381,0.037584,0.036031,0.026508,0.028664,0.025409,0.031337,0.084929,0.069653,0.083612,0.044714,0.069797,0.057341,0.07707,0.041188,0.15759,0.13118,0.089963,0.076535,0.16376,0.1529,0.084733,0.072801,0.14905,0.052872,0.089966,0.0369,0.23079,0.051024,0.08537,0.049334,0.048017,0.053906,0.043626,0.041313,0.043852,0.04364,0.046273,0.050422,0.02959,0.10334,0.029086,0.058912,0.02837,0.10567,0.029166,0.068646,0.42813,0.63801
0.24677,0.11836,0.009387,0.082906,0.0063518,0.11591,0.0053384,0.070857,0.0050757,0.037022,0.031802,0.037648,0.034282,0.029637,0.030287,0.029338,0.028486,0.077925,0.070372,0.07822,0.041144,0.072993,0.05832,0.077719,0.044183,0.14773,0.12217,0.072955,0.074899,0.14329,0.13155,0.068495,0.076891,0.15672,0.053933,0.084377,0.0446,0.15765,0.043942,0.081008,0.04584,0.045919,0.045139,0.045517,0.039708,0.036088,0.039528,0.046822,0.044139,0.031231,0.10529,0.032879,0.063328,0.029621,0.094306,0.028178,0.071805,0.45902,0.65503
0.21361,0.1146,0.0056742,0.05249,0.0096612,0.11534,0.0039052,0.054674,0.0064693,0.028199,0.028342,0.029453,0.023951,0.023863,0.022052,0.025725,0.024673,0.061421,0.059163,0.056289,0.019448,0.092017,0.056515,0.077844,0.018825,0.10798,0.14041,0.036106,0.061922,0.19457,0.17149,0.039415,0.04033,0.12878,0.031646,0.058232,0.067149,0.2673,0.054768,0.048079,0.042832,0.040036,0.037036,0.044332,0.040314,0.043778,0.040028,0.044617,0.039919,0.028299,0.090376,0.049391,0.04026,0.052168,0.085815,0.029326,0.045613,0.53212,0.59484
0.25193,0.086183,0.0072551,0.095772,0.0078801,0.08861,0.0075461,0.094912,0.0074887,0.031258,0.033068,0.031141,0.028488,0.025274,0.030263,0.032613,0.026358,0.07,0.052398,0.063549,0.044797,0.089759,0.04806,0.081896,0.043302,0.095981,0.083844,0.078368,0.13872,0.1287,0.11296,0.088015,0.083849,0.095471,0.044316,0.10914,0.081582,0.20243,0.060344,0.09353,0.050208,0.039332,0.037328,0.045827,0.048431,0.047025,0.045827,0.05063,0.043739,0.027391,0.069169,0.045312,0.082312,0.041939,0.068649,0.029688,0.089342,0.48207,0.64305
0.25602,0.086188,0.010177,0.093945,0.011201,0.087219,0.0086933,0.098271,0.0096633,0.027848,0.035445,0.0331,0.025935,0.022508,0.024896,0.031231,0.026991,0.064152,0.051216,0.060723,0.042679,0.08338,0.044126,0.085111,0.039318,0.087296,0.098677,0.077793,0.1265,0.14071,0.099997,0.12163,0.078533,0.099133,0.042805,0.12907,0.064462,0.19127,0.062706,0.093464,0.046463,0.036432,0.035349,0.041044,0.049667,0.045795,0.046269,0.038408,0.034029,0.025303,0.063221,0.043124,0.089422,0.041621,0.069143,0.022781,0.099595,0.51081,0.61963
0.24889,0.092551,0.0089519,0.095644,0.0083565,0.087413,0.007739,0.088967,0.0078387,0.031111,0.033163,0.034154,0.027884,0.020868,0.029076,0.027763,0.026545,0.073642,0.051071,0.060815,0.037973,0.088983,0.046258,0.081623,0.046486,0.10103,0.07992,0.089148,0.14216,0.12984,0.10645,0.10102,0.098458,0.094324,0.040485,0.11272,0.074238,0.20809,0.063776,0.11044,0.055991,0.037753,0.033252,0.044995,0.045261,0.042636,0.044092,0.049217,0.047414,0.027752,0.066237,0.04756,0.081846,0.04295,0.072103,0.034464,0.090954,0.48683,0.63146
0.29674,0.11687,0.015874,0.06679,0.011277,0.10892,0.010415,0.058594,0.010404,0.043095,0.044479,0.04403,0.041437,0.031636,0.030884,0.033565,0.034523,0.092701,0.069614,0.07059,0.033567,0.075071,0.056107,0.069045,0.035098,0.15187,0.1129,0.056142,0.072748,0.17143,0.13096,0.065517,0.061544,0.11675,0.056106,0.056239,0.064139,0.17339,0.068582,0.049703,0.067656,0.061501,0.045224,0.045798,0.039432,0.04136,0.043305,0.059442,0.053365,0.033659,0.09058,0.0296,0.051005,0.024773,0.097407,0.03291,0.069309,0.42035,0.66494
0.28214,0.13932,0.013218,0.049526,0.010747,0.12727,0.0082122,0.050296,0.010524,0.041921,0.037773,0.036181,0.037186,0.042591,0.029986,0.031352,0.036489,0.075963,0.077285,0.071087,0.027036,0.093015,0.076506,0.065493,0.03365,0.15225,0.1467,0.042434,0.060721,0.1718,0.1727,0.048896,0.050583,0.11451,0.052625,0.043078,0.092487,0.20603,0.053056,0.046264,0.062132,0.046744,0.044545,0.050436,0.041196,0.032259,0.04891,0.056913,0.043541,0.026563,0.11735,0.036859,0.043587,0.024036,0.12409,0.021191,0.054698,0.43455,0.62927
0.24316,0.15232,0.010529,0.050792,0.012133,0.13993,0.0088571,0.047112,0.0087558,0.042751,0.035346,0.033834,0.041466,0.038812,0.026308,0.031234,0.044616,0.07503,0.082163,0.060809,0.025496,0.083728,0.086537,0.079699,0.032097,0.18045,0.15924,0.048856,0.067485,0.20204,0.22124,0.053916,0.069077,0.12978,0.049954,0.061464,0.07813,0.24167,0.071019,0.05015,0.063799,0.037999,0.038904,0.051034,0.043392,0.055473,0.055862,0.059468,0.04346,0.026337,0.10693,0.033156,0.043117,0.032682,0.13407,0.027749,0.05141,0.40126,0.60331
0.20309,0.1276,0.0060899,0.035037,0.0058079,0.12753,0.0044247,0.051761,0.0044262,0.02774,0.029679,0.026161,0.021522,0.020953,0.022939,0.021057,0.022786,0.06556,0.061603,0.052215,0.014161,0.099643,0.047318,0.070835,0.011717,0.12103,0.12364,0.019466,0.042426,0.18171,0.16086,0.025436,0.029074,0.15094,0.037225,0.046277,0.076796,0.3081,0.031605,0.038527,0.042618,0.034833,0.037742,0.044403,0.047478,0.041645,0.039093,0.044262,0.033259,0.028148,0.097294,0.063934,0.025894,0.051397,0.094341,0.024233,0.039041,0.50557,0.60641
0.2524,0.13385,0.0089876,0.049039,0.010113,0.13114,0.0071532,0.051921,0.007016,0.033516,0.032702,0.02968,0.032124,0.02754,0.027395,0.024959,0.029832,0.063506,0.067696,0.071968,0.023129,0.088609,0.056885,0.069277,0.019071,0.12759,0.12558,0.051281,0.068542,0.12393,0.16125,0.030313,0.038581,0.13502,0.051777,0.098812,0.0806,0.22177,0.044191,0.041393,0.05215,0.037632,0.048759,0.044409,0.041124,0.041917,0.043128,0.044412,0.040882,0.034724,0.094281,0.044569,0.033191,0.043704,0.11916,0.02972,0.043492,0.50097,0.62004
0.26849,0.12041,0.011223,0.056157,0.011943,0.12291,0.0083168,0.056613,0.012024,0.043843,0.038457,0.034161,0.03826,0.035538,0.032124,0.031728,0.036423,0.076839,0.072599,0.063003,0.033132,0.083172,0.062051,0.08916,0.032331,0.13741,0.13008,0.050825,0.10199,0.14697,0.20093,0.079575,0.050255,0.1233,0.057947,0.10666,0.064762,0.23647,0.076645,0.045636,0.069596,0.041599,0.044775,0.049421,0.046792,0.065957,0.057399,0.050227,0.044861,0.02248,0.099126,0.035654,0.04833,0.050226,0.10641,0.027761,0.056985,0.43042,0.62026
0.26154,0.13678,0.0090117,0.053717,0.0075,0.12995,0.0062486,0.047518,0.0076518,0.02921,0.027445,0.032032,0.03113,0.026873,0.02429,0.023352,0.028846,0.065719,0.056041,0.068071,0.016885,0.072199,0.054617,0.057878,0.015141,0.10622,0.1104,0.0277,0.026738,0.097405,0.12668,0.027183,0.025169,0.13195,0.04078,0.04302,0.032378,0.13494,0.041669,0.03275,0.042031,0.044337,0.041238,0.043837,0.039023,0.033849,0.042091,0.04435,0.039031,0.04342,0.10685,0.049691,0.034535,0.034906,0.10432,0.034542,0.03756,0.5174,0.67132
0.2997,0.10774,0.010012,0.057881,0.013395,0.10945,0.0073539,0.06269,0.010988,0.038464,0.037138,0.039947,0.038274,0.034925,0.028615,0.033671,0.032675,0.07667,0.070561,0.067675,0.034161,0.089598,0.049909,0.070382,0.030641,0.13921,0.099681,0.044883,0.060299,0.19969,0.12916,0.073003,0.047617,0.11627,0.052348,0.053132,0.089107,0.16004,0.077203,0.052982,0.063403,0.048052,0.044918,0.049003,0.043957,0.04541,0.04321,0.048045,0.042423,0.032698,0.096466,0.033678,0.046172,0.034655,0.10396,0.030788,0.05774,0.45314,0.64744
0.249,0.12449,0.010582,0.044714,0.0091966,0.13139,0.0063143,0.046735,0.0050944,0.032128,0.032412,0.033802,0.038713,0.026767,0.024012,0.023019,0.026762,0.06361,0.080193,0.069182,0.020891,0.074291,0.057554,0.070513,0.01624,0.12883,0.14795,0.039789,0.093398,0.11539,0.16277,0.024893,0.023902,0.15803,0.053789,0.11195,0.050395,0.21348,0.045732,0.037685,0.047853,0.047001,0.042374,0.058799,0.040201,0.038986,0.038437,0.042101,0.043977,0.03109,0.10487,0.047091,0.031116,0.040998,0.10293,0.030752,0.040215,0.48775,0.62927
0.25616,0.11681,0.009716,0.048598,0.0125,0.12522,0.0079946,0.041065,0.0079582,0.032163,0.03716,0.03271,0.042557,0.032626,0.027053,0.023905,0.023578,0.066166,0.077346,0.084197,0.024109,0.077893,0.053717,0.066684,0.02375,0.11601,0.16683,0.04696,0.11117,0.15087,0.15622,0.026463,0.034443,0.14472,0.061627,0.093905,0.066199,0.2232,0.043187,0.03486,0.05232,0.047372,0.048525,0.048336,0.041768,0.035639,0.037921,0.044486,0.045535,0.034533,0.10701,0.048092,0.035437,0.028909,0.10032,0.037579,0.042711,0.4791,0.62177
0.27057,0.13947,0.0084995,0.051115,0.0095118,0.12839,0.0073442,0.050299,0.0096659,0.035432,0.032491,0.029125,0.03243,0.031299,0.02117,0.026393,0.02867,0.073772,0.069604,0.056414,0.016855,0.092824,0.070112,0.056016,0.018846,0.17175,0.11185,0.035617,0.025913,0.2298,0.12722,0.038108,0.02862,0.12589,0.043142,0.037304,0.050895,0.19271,0.034237,0.033524,0.053436,0.038796,0.037555,0.046022,0.04494,0.036857,0.03915,0.045464,0.045194,0.030323,0.11798,0.049907,0.036888,0.034518,0.11997,0.031886,0.03779,0.45088,0.64359
0.25678,0.13106,0.0097094,0.038976,0.0077076,0.14196,0.0094306,0.044199,0.0081273,0.030375,0.028254,0.025493,0.029035,0.03009,0.029563,0.025734,0.029834,0.054566,0.062792,0.050822,0.016857,0.084136,0.069216,0.051076,0.016927,0.13449,0.11336,0.02216,0.025768,0.23409,0.13523,0.022033,0.023244,0.11182,0.041265,0.027288,0.058054,0.3445,0.038572,0.031817,0.045387,0.036739,0.040226,0.042609,0.051236,0.031182,0.034777,0.041953,0.036329,0.022552,0.11375,0.046491,0.031776,0.029189,0.11965,0.021958,0.031984,0.43496,0.61558
0.25707,0.12819,0.0081465,0.037155,0.011215,0.13334,0.0094431,0.052162,0.0075671,0.032058,0.028798,0.027201,0.026154,0.026858,0.026823,0.028817,0.025413,0.054154,0.072086,0.055534,0.017755,0.062197,0.059355,0.083173,0.015899,0.12063,0.13631,0.025275,0.0246,0.1867,0.17016,0.048388,0.024761,0.13261,0.039977,0.031998,0.039889,0.29774,0.062743,0.046745,0.039655,0.036048,0.040983,0.038324,0.04213,0.043553,0.042403,0.039202,0.036512,0.024081,0.11499,0.039564,0.030604,0.044727,0.10536,0.027041,0.041918,0.47172,0.61359
0.22303,0.14399,0.006534,0.035161,0.0055062,0.13209,0.004442,0.039534,0.0061528,0.021813,0.024543,0.0281,0.024759,0.018549,0.02106,0.019608,0.019061,0.050198,0.078688,0.063876,0.012866,0.060297,0.063139,0.070244,0.012887,0.11611,0.17566,0.014536,0.016805,0.16858,0.24446,0.024153,0.021622,0.16687,0.042893,0.027585,0.031919,0.35037,0.041177,0.031275,0.035292,0.035602,0.038628,0.032074,0.033257,0.050633,0.034475,0.030604,0.031827,0.02606,0.11044,0.040608,0.025352,0.045942,0.10808,0.029102,0.031368,0.47918,0.56236
0.21437,0.13761,0.0063209,0.032467,0.0078096,0.13275,0.0048066,0.041477,0.0045077,0.023273,0.025369,0.0318,0.024654,0.020137,0.01789,0.018289,0.021792,0.050321,0.076758,0.059938,0.01036,0.056721,0.064364,0.073956,0.013172,0.11001,0.17815,0.015014,0.018264,0.16404,0.25387,0.021547,0.02525,0.15893,0.039755,0.028716,0.029269,0.34107,0.042089,0.032292,0.031237,0.041066,0.035506,0.029803,0.035368,0.048019,0.034047,0.029434,0.031999,0.026392,0.1145,0.039766,0.024329,0.049692,0.10518,0.02595,0.033311,0.48373,0.5691
0.1967,0.11632,0.0073441,0.048405,0.0065126,0.10795,0.0053465,0.062397,0.0048207,0.033921,0.023731,0.023455,0.024553,0.018814,0.019402,0.018792,0.025613,0.066473,0.061926,0.059838,0.022061,0.048581,0.059764,0.075143,0.031992,0.10797,0.13177,0.043354,0.035374,0.12031,0.16678,0.047227,0.06084,0.1339,0.043339,0.036176,0.023029,0.46434,0.036087,0.087648,0.044891,0.033351,0.036586,0.030522,0.033266,0.036751,0.039803,0.054399,0.040939,0.025029,0.084538,0.039855,0.034862,0.047286,0.10112,0.032151,0.042285,0.49113,0.54079
0.31563,0.093247,0.014652,0.068458,0.013369,0.10573,0.014191,0.07056,0.013113,0.044007,0.038079,0.038728,0.048093,0.036911,0.032452,0.035395,0.0389,0.075045,0.05479,0.072285,0.037915,0.085529,0.049529,0.083486,0.040129,0.098631,0.10182,0.046608,0.10378,0.089777,0.10145,0.10093,0.051154,0.089856,0.061599,0.069433,0.082219,0.089915,0.09068,0.059648,0.061981,0.046472,0.055393,0.051478,0.042672,0.050554,0.04889,0.052903,0.045633,0.028251,0.099716,0.031549,0.06601,0.032367,0.089671,0.029782,0.07091,0.45055,0.67756
0.31118,0.09137,0.014162,0.077532,0.014599,0.097136,0.012374,0.069033,0.011688,0.040355,0.037714,0.039989,0.047346,0.037051,0.028665,0.030813,0.037723,0.071753,0.058017,0.081608,0.045591,0.083779,0.044059,0.071585,0.036591,0.09055,0.099346,0.062125,0.12109,0.087739,0.087713,0.11423,0.053987,0.093472,0.06143,0.084665,0.077615,0.094302,0.069874,0.1011,0.053194,0.046189,0.061706,0.059007,0.047342,0.042569,0.046258,0.049019,0.044717,0.034262,0.088039,0.037134,0.060063,0.026531,0.092167,0.028404,0.077655,0.44886,0.67665
0.30702,0.11294,0.0131,0.076961,0.010591,0.11347,0.013107,0.06079,0.0092368,0.04367,0.040099,0.04109,0.040049,0.040817,0.033555,0.033642,0.036471,0.08094,0.07877,0.07754,0.036478,0.068923,0.058821,0.075066,0.039094,0.13227,0.1122,0.066489,0.079147,0.11192,0.11383,0.079175,0.063138,0.12683,0.059764,0.072226,0.056663,0.11154,0.076782,0.063119,0.064645,0.056344,0.051199,0.052267,0.045085,0.050249,0.050571,0.054082,0.053069,0.0362,0.096601,0.023301,0.060097,0.025948,0.10264,0.029621,0.077559,0.418,0.67994
0.32822,0.11453,0.015998,0.065208,0.014346,0.12034,0.0132,0.054822,0.013209,0.039915,0.049529,0.042943,0.046695,0.037112,0.035242,0.036363,0.032908,0.070145,0.077685,0.065385,0.036036,0.075618,0.063312,0.062595,0.038025,0.12824,0.10909,0.052103,0.097973,0.13794,0.11285,0.060339,0.048132,0.10977,0.062448,0.071089,0.062749,0.12734,0.056067,0.046224,0.066144,0.057201,0.048621,0.053557,0.040887,0.038221,0.04734,0.051869,0.051259,0.026477,0.1034,0.033718,0.059248,0.025479,0.11073,0.025177,0.076246,0.41927,0.67255
0.30378,0.11825,0.01226,0.0596,0.013813,0.11226,0.012719,0.062685,0.011453,0.039787,0.043311,0.035594,0.038579,0.03629,0.03175,0.037187,0.03836,0.066433,0.07237,0.062575,0.029527,0.11014,0.070236,0.086324,0.030228,0.12912,0.10859,0.04129,0.097871,0.17239,0.12646,0.053252,0.04349,0.10957,0.052075,0.053047,0.11391,0.17538,0.086457,0.041994,0.056945,0.048512,0.047672,0.065493,0.060379,0.056738,0.053737,0.049633,0.045756,0.028454,0.10062,0.052698,0.047729,0.043345,0.10061,0.024139,0.053674,0.41311,0.65764
0.29758,0.1199,0.017244,0.06424,0.016205,0.13155,0.014639,0.057233,0.010862,0.04241,0.043673,0.0426,0.041951,0.037128,0.031815,0.03777,0.038068,0.075667,0.077876,0.072046,0.033174,0.090885,0.060088,0.052313,0.037812,0.14747,0.10286,0.057396,0.069531,0.13391,0.11758,0.056282,0.061774,0.10364,0.056128,0.080027,0.061655,0.1255,0.041521,0.052972,0.066832,0.044317,0.044788,0.057679,0.05119,0.034033,0.044587,0.049283,0.055135,0.030258,0.10365,0.048761,0.054881,0.02194,0.10997,0.023394,0.076256,0.44981,0.66326
0.1632,0.1103,0.0046105,0.027399,0.0040906,0.11802,0.0022811,0.042572,0.0040936,0.020715,0.016964,0.016957,0.020123,0.018442,0.01615,0.013214,0.015631,0.043058,0.058567,0.047438,0.0092095,0.070331,0.047695,0.065501,0.0083564,0.11066,0.11709,0.014425,0.014949,0.15775,0.12913,0.010828,0.012498,0.13652,0.026139,0.037396,0.021678,0.44039,0.024621,0.033801,0.026296,0.02985,0.032781,0.030952,0.032505,0.030585,0.029621,0.027548,0.031033,0.027966,0.090228,0.060493,0.014722,0.052056,0.090418,0.029423,0.020991,0.59938,0.49544
0.16284,0.10788,0.0062679,0.027778,0.0054648,0.11656,0.0042464,0.045229,0.0050426,0.018697,0.018508,0.016519,0.019322,0.015916,0.012677,0.019052,0.017419,0.037752,0.062798,0.043338,0.0079274,0.074304,0.052008,0.078155,0.0075953,0.10216,0.15483,0.011969,0.010336,0.16579,0.18172,0.0099645,0.015467,0.1181,0.028286,0.035282,0.019254,0.39313,0.028133,0.038257,0.029383,0.025685,0.026145,0.028835,0.039035,0.037738,0.032658,0.027068,0.026522,0.026311,0.082427,0.067329,0.013216,0.065707,0.083516,0.022946,0.020187,0.64712,0.44818
0.31066,0.09227,0.010316,0.067342,0.014348,0.097263,0.011075,0.06802,0.013367,0.037952,0.036735,0.035963,0.038578,0.029957,0.023942,0.032477,0.033077,0.06681,0.053017,0.056441,0.032351,0.073337,0.050739,0.064649,0.037839,0.11737,0.090649,0.039346,0.10913,0.14307,0.10512,0.046968,0.056719,0.085068,0.05611,0.081282,0.07289,0.26584,0.046701,0.042327,0.066734,0.046603,0.049328,0.050505,0.034634,0.046312,0.042195,0.050479,0.043577,0.024425,0.09959,0.039473,0.054836,0.040242,0.089475,0.025283,0.062524,0.45973,0.64058
0.20925,0.15835,0.010492,0.034366,0.0089443,0.15262,0.0071534,0.035214,0.0061149,0.029819,0.029116,0.025856,0.02383,0.018027,0.020124,0.015738,0.018008,0.043808,0.08584,0.054723,0.018545,0.04983,0.07812,0.064243,0.018332,0.14491,0.17826,0.022672,0.02107,0.14853,0.23138,0.029296,0.022914,0.14284,0.045673,0.03165,0.030785,0.41878,0.038078,0.034478,0.035595,0.035779,0.039144,0.029805,0.031387,0.037877,0.036212,0.043402,0.040437,0.020398,0.12143,0.033991,0.028611,0.039341,0.12014,0.024967,0.031084,0.43548,0.55269
0.29558,0.14916,0.011469,0.047434,0.012995,0.14978,0.013796,0.044755,0.01188,0.038664,0.036803,0.033528,0.040741,0.035434,0.033479,0.026004,0.037444,0.05497,0.082072,0.06306,0.030648,0.060899,0.081226,0.072276,0.025635,0.12423,0.15727,0.0459,0.036439,0.12443,0.20511,0.039327,0.032915,0.11432,0.05753,0.033254,0.046246,0.19151,0.071194,0.032544,0.051923,0.042223,0.046587,0.044705,0.037953,0.040896,0.047333,0.042522,0.040086,0.018031,0.1306,0.027038,0.044029,0.027948,0.13487,0.022199,0.046236,0.43036,0.64158
0.23172,0.14039,0.0079667,0.056781,0.0091346,0.12883,0.0079108,0.055463,0.0097106,0.035873,0.03376,0.028051,0.033803,0.028503,0.027414,0.028925,0.034739,0.078148,0.085197,0.07265,0.036782,0.061518,0.081611,0.076173,0.03634,0.1637,0.18381,0.05752,0.068678,0.15007,0.191,0.058218,0.081324,0.21168,0.045615,0.056119,0.040428,0.1946,0.047645,0.081836,0.053016,0.041105,0.046737,0.042517,0.034822,0.041641,0.051737,0.045103,0.037631,0.027167,0.11421,0.026798,0.053893,0.026868,0.12036,0.027576,0.054505,0.42242,0.62402
0.30046,0.14383,0.011912,0.049079,0.01285,0.15945,0.013319,0.048383,0.011339,0.037992,0.036133,0.032017,0.042898,0.042648,0.033419,0.027688,0.035838,0.064736,0.094397,0.073348,0.03164,0.052906,0.084998,0.056458,0.026135,0.13626,0.15519,0.039828,0.032425,0.13754,0.13798,0.032651,0.031193,0.14086,0.066278,0.036336,0.052478,0.12039,0.051917,0.038422,0.047249,0.041921,0.049792,0.045734,0.039057,0.032636,0.038906,0.045436,0.042481,0.023197,0.14202,0.022881,0.048863,0.023392,0.13441,0.031211,0.053515,0.4586,0.6396
0.31635,0.14302,0.013972,0.050023,0.012653,0.13646,0.012089,0.041408,0.011467,0.045243,0.040514,0.03327,0.036654,0.040737,0.032851,0.031813,0.034887,0.060401,0.095723,0.062576,0.029086,0.060005,0.083404,0.061116,0.026836,0.14849,0.15929,0.031409,0.037169,0.12331,0.14679,0.039126,0.036368,0.13366,0.046766,0.028495,0.046468,0.11741,0.051461,0.028927,0.055732,0.035227,0.039314,0.042684,0.038369,0.032059,0.0418,0.0461,0.041842,0.022245,0.12298,0.020973,0.050886,0.023877,0.1352,0.023407,0.055114,0.43176,0.66278
0.28545,0.15222,0.011511,0.041074,0.010268,0.14884,0.012442,0.043374,0.013035,0.047048,0.03421,0.031342,0.044818,0.038139,0.0292,0.03044,0.044301,0.073687,0.094423,0.057594,0.027462,0.088763,0.093358,0.05867,0.029648,0.20455,0.16999,0.030404,0.042553,0.20438,0.15484,0.035283,0.040117,0.13339,0.048306,0.032438,0.063269,0.13918,0.052527,0.033627,0.061872,0.03493,0.0462,0.042693,0.051024,0.03689,0.044793,0.054239,0.041366,0.020356,0.13986,0.03817,0.044572,0.020927,0.14761,0.022791,0.042709,0.41663,0.62165
0.26574,0.12413,0.012573,0.045083,0.012183,0.12311,0.010968,0.034189,0.0056547,0.032933,0.033206,0.033738,0.033306,0.02509,0.023446,0.020605,0.023191,0.063836,0.09061,0.065886,0.020741,0.065813,0.060624,0.061235,0.021247,0.16947,0.1832,0.039882,0.038199,0.1319,0.21282,0.028958,0.039697,0.35131,0.058962,0.033767,0.05211,0.20475,0.059053,0.039895,0.05152,0.041737,0.040771,0.042633,0.028527,0.031396,0.040045,0.051551,0.047181,0.030302,0.1063,0.024499,0.039849,0.02272,0.098989,0.033536,0.044007,0.40035,0.58899
0.31575,0.12588,0.014427,0.056314,0.013989,0.1363,0.012441,0.050356,0.013496,0.041648,0.036461,0.045301,0.03846,0.040416,0.037928,0.030667,0.037055,0.072245,0.081401,0.066717,0.029068,0.061316,0.068306,0.063869,0.028893,0.12734,0.13563,0.036734,0.037446,0.11415,0.10072,0.043461,0.041337,0.1258,0.057801,0.037658,0.053242,0.10188,0.047693,0.04479,0.058355,0.043597,0.045037,0.046954,0.036619,0.035137,0.043114,0.049877,0.044882,0.025624,0.12552,0.020007,0.058682,0.020908,0.11977,0.027549,0.063777,0.43516,0.68341
0.24261,0.13001,0.011303,0.040156,0.012368,0.1297,0.0065413,0.033605,0.0092591,0.033245,0.030871,0.029531,0.032097,0.027952,0.020885,0.023931,0.025934,0.062534,0.094449,0.06451,0.018568,0.056761,0.061969,0.059073,0.014888,0.1659,0.20071,0.036661,0.028789,0.18174,0.20348,0.031088,0.02979,0.37418,0.05531,0.035235,0.049913,0.24926,0.065302,0.037813,0.046803,0.042492,0.04717,0.037044,0.030465,0.037995,0.040188,0.050789,0.048782,0.030107,0.10717,0.023323,0.026789,0.027176,0.108,0.036686,0.039554,0.38274,0.56288
0.29636,0.1324,0.013835,0.04387,0.013595,0.12815,0.01086,0.04952,0.008618,0.029456,0.032748,0.036685,0.031657,0.027759,0.029171,0.027696,0.030373,0.054689,0.07324,0.045064,0.018989,0.070274,0.07003,0.062148,0.021626,0.14751,0.12538,0.027589,0.034628,0.24175,0.1835,0.023098,0.029181,0.10822,0.044562,0.030228,0.062956,0.31319,0.051146,0.027205,0.047563,0.03699,0.039063,0.039837,0.045847,0.043935,0.040568,0.04107,0.038464,0.025611,0.10593,0.032159,0.034364,0.033062,0.11679,0.022301,0.045941,0.40215,0.61568
0.2334,0.1239,0.0082515,0.033982,0.010313,0.13799,0.005309,0.045191,0.005177,0.026171,0.025065,0.030064,0.029182,0.023491,0.020834,0.019865,0.025746,0.047851,0.074011,0.055998,0.01402,0.059296,0.066977,0.056897,0.011122,0.13804,0.14786,0.024029,0.020171,0.22595,0.18651,0.016043,0.020513,0.11622,0.047314,0.026317,0.034418,0.40818,0.029177,0.023411,0.036987,0.040896,0.037772,0.036618,0.038669,0.031167,0.033734,0.039209,0.041972,0.022769,0.10331,0.04303,0.025413,0.039872,0.10411,0.021345,0.031273,0.47514,0.54777
0.25508,0.13817,0.0077349,0.041076,0.0066511,0.13394,0.0082451,0.049967,0.0089199,0.03296,0.031931,0.02714,0.033423,0.033432,0.026799,0.022613,0.026068,0.062328,0.068674,0.067172,0.020777,0.084849,0.080337,0.068975,0.020167,0.14472,0.11477,0.027017,0.02599,0.1749,0.14152,0.03198,0.028625,0.12128,0.048688,0.040873,0.033961,0.22373,0.03835,0.029578,0.04862,0.037359,0.041544,0.042634,0.039532,0.037085,0.039563,0.041956,0.038132,0.027733,0.11725,0.062174,0.03763,0.037381,0.12223,0.026427,0.041941,0.50155,0.62343
0.28582,0.12311,0.011511,0.051855,0.010474,0.11836,0.0072205,0.045624,0.0083376,0.035183,0.037444,0.033201,0.033853,0.028768,0.02973,0.022881,0.028703,0.060648,0.080328,0.060422,0.02701,0.06371,0.06414,0.069358,0.022278,0.12485,0.13898,0.035758,0.033479,0.16059,0.23366,0.046764,0.038895,0.12598,0.048594,0.036791,0.042083,0.22819,0.066991,0.039386,0.051138,0.0456,0.046369,0.03677,0.041544,0.048461,0.045118,0.044332,0.043035,0.025316,0.097625,0.027653,0.040736,0.033561,0.10421,0.026651,0.052409,0.41824,0.65279
0.23569,0.14947,0.008391,0.046218,0.0071457,0.12745,0.0062757,0.048704,0.0052818,0.036427,0.029683,0.023962,0.030029,0.021997,0.025139,0.027771,0.028048,0.061707,0.078092,0.056244,0.01968,0.055217,0.068478,0.072728,0.021147,0.14261,0.15625,0.025837,0.024557,0.18848,0.16498,0.029706,0.028046,0.1485,0.038557,0.037802,0.0343,0.31146,0.043104,0.038296,0.048238,0.041723,0.042657,0.029635,0.045033,0.039716,0.042664,0.048813,0.050829,0.027152,0.10841,0.034139,0.028167,0.036852,0.11619,0.029234,0.042073,0.43964,0.62338
0.21087,0.13316,0.0064987,0.034416,0.0060196,0.14225,0.0033903,0.041475,0.0052489,0.027801,0.022579,0.028142,0.029459,0.023972,0.018058,0.019494,0.022688,0.062281,0.070811,0.060018,0.014022,0.061511,0.060697,0.051263,0.013833,0.14057,0.15004,0.022091,0.02165,0.23259,0.1838,0.019366,0.026609,0.16783,0.041366,0.031106,0.045677,0.34457,0.036995,0.029314,0.0488,0.036661,0.042964,0.036844,0.0481,0.036655,0.037178,0.046571,0.037029,0.030104,0.10662,0.042663,0.024953,0.0348,0.11152,0.025684,0.031804,0.46333,0.58355
0.23521,0.14349,0.0089923,0.04519,0.0089038,0.13013,0.0058187,0.04438,0.0053382,0.033966,0.030383,0.030587,0.037323,0.026282,0.023501,0.024769,0.02686,0.062043,0.074768,0.061938,0.021621,0.066998,0.053939,0.061841,0.024472,0.14376,0.14219,0.029938,0.026236,0.18505,0.15243,0.030027,0.028765,0.14926,0.04479,0.03703,0.035793,0.31371,0.037151,0.039913,0.046689,0.04251,0.044384,0.040272,0.042801,0.036007,0.042861,0.047051,0.043449,0.027634,0.10746,0.036758,0.032995,0.032895,0.1153,0.030265,0.038887,0.45749,0.61877
0.29341,0.14507,0.010768,0.053267,0.011622,0.13886,0.012907,0.039317,0.0079102,0.037603,0.033851,0.035381,0.039366,0.034071,0.030717,0.025785,0.033289,0.068267,0.082016,0.058255,0.030806,0.050222,0.06993,0.057355,0.031478,0.1443,0.15706,0.043655,0.036353,0.13756,0.17233,0.037936,0.048265,0.13647,0.05205,0.043023,0.046527,0.17269,0.053807,0.050261,0.051109,0.0412,0.048838,0.039969,0.033325,0.04626,0.042087,0.050355,0.04554,0.026284,0.13571,0.023458,0.046375,0.028178,0.12025,0.026533,0.049688,0.4073,0.66806
0.21106,0.12266,0.0084924,0.034187,0.0084722,0.13082,0.0043296,0.043698,0.0045983,0.029661,0.024499,0.023878,0.029327,0.025578,0.020909,0.018651,0.01971,0.061425,0.065766,0.067101,0.014743,0.079885,0.053296,0.062235,0.018379,0.13275,0.1494,0.032161,0.024579,0.26455,0.16638,0.03344,0.041525,0.14753,0.047087,0.042835,0.050563,0.34814,0.040416,0.042604,0.049679,0.037608,0.04389,0.035805,0.04639,0.034402,0.034344,0.044632,0.039292,0.031308,0.098862,0.053271,0.020987,0.040661,0.10529,0.031593,0.032901,0.4951,0.5521
0.20281,0.13271,0.0056091,0.035841,0.0055509,0.14403,0.0047101,0.035511,0.0037026,0.030488,0.029772,0.025539,0.024404,0.023247,0.019912,0.017867,0.02779,0.062735,0.068337,0.061642,0.015066,0.074984,0.060102,0.05527,0.015595,0.14254,0.16397,0.023297,0.021112,0.22268,0.15629,0.018986,0.02816,0.18176,0.038891,0.035249,0.047649,0.35169,0.028904,0.029801,0.050035,0.038808,0.041216,0.039624,0.04315,0.031855,0.036816,0.041141,0.036662,0.033883,0.10373,0.044269,0.022874,0.033253,0.11478,0.027853,0.031744,0.48565,0.56562
0.26701,0.12487,0.0090177,0.050249,0.0087582,0.13591,0.0083237,0.054712,0.0098823,0.030858,0.031036,0.02834,0.034439,0.030034,0.030128,0.024575,0.031702,0.060702,0.050892,0.069444,0.02121,0.066833,0.065147,0.071524,0.024021,0.095548,0.11522,0.03732,0.052839,0.1275,0.16187,0.036644,0.048387,0.10613,0.041661,0.052565,0.043618,0.1545,0.042381,0.049702,0.044212,0.045855,0.046419,0.051683,0.043652,0.043716,0.04999,0.04708,0.041943,0.029246,0.11989,0.033189,0.046065,0.033372,0.11019,0.030634,0.047433,0.48121,0.67183
0.2627,0.12894,0.01105,0.048019,0.0086521,0.14683,0.010678,0.058944,0.01038,0.031522,0.027445,0.028791,0.035766,0.040076,0.030654,0.02898,0.03359,0.066838,0.053331,0.074547,0.023057,0.079437,0.062707,0.068934,0.02084,0.097369,0.10614,0.041459,0.048992,0.1478,0.15789,0.032037,0.045736,0.10361,0.049435,0.066458,0.049709,0.16395,0.042817,0.053555,0.048052,0.045168,0.050054,0.054714,0.049067,0.043521,0.048372,0.038367,0.041758,0.028967,0.13044,0.044946,0.043204,0.030625,0.11405,0.032777,0.047242,0.48836,0.65254
0.24005,0.096528,0.0082726,0.053544,0.0099518,0.10604,0.0090511,0.053673,0.0075944,0.027099,0.029212,0.032837,0.033426,0.030418,0.022479,0.024262,0.030969,0.061772,0.066756,0.06124,0.023598,0.078134,0.048655,0.069843,0.019525,0.10879,0.12482,0.041631,0.041561,0.095705,0.096717,0.031501,0.036914,0.13104,0.044096,0.04603,0.046598,0.18648,0.033852,0.049802,0.041508,0.040116,0.041472,0.038888,0.032837,0.02698,0.032814,0.038548,0.039852,0.029027,0.088619,0.049446,0.0405,0.056038,0.077301,0.033087,0.039176,0.62645,0.58279
0.20908,0.11036,0.0082228,0.041106,0.010659,0.10203,0.0054844,0.05466,0.0063923,0.025381,0.026546,0.025639,0.025562,0.021902,0.018727,0.018611,0.017831,0.053825,0.068441,0.053326,0.022307,0.066049,0.049277,0.084133,0.017832,0.097306,0.14535,0.029668,0.029246,0.086101,0.11712,0.025317,0.031797,0.13715,0.047539,0.035075,0.031118,0.21593,0.028598,0.047026,0.034259,0.030857,0.038197,0.033038,0.032388,0.029904,0.031836,0.03277,0.039644,0.025189,0.090972,0.05005,0.028383,0.065458,0.084983,0.03013,0.042993,0.65629,0.55136
0.19562,0.11064,0.0057446,0.042974,0.0069243,0.10781,0.0047866,0.053962,0.0052194,0.024733,0.020412,0.024604,0.026226,0.025405,0.023393,0.020489,0.026042,0.062148,0.06968,0.065253,0.022376,0.063832,0.070428,0.081218,0.025116,0.13534,0.13798,0.047353,0.042794,0.15014,0.13569,0.044663,0.037923,0.19912,0.038475,0.062914,0.034728,0.24612,0.028013,0.065954,0.03363,0.03856,0.0438,0.039904,0.034127,0.038076,0.040888,0.034073,0.033119,0.031299,0.083498,0.041692,0.039452,0.055721,0.084618,0.031407,0.044381,0.58308,0.56894
0.17081,0.099976,0.0066429,0.049064,0.0075187,0.10452,0.0064626,0.048913,0.0058146,0.026664,0.025563,0.019858,0.020391,0.019862,0.017964,0.018062,0.021835,0.087159,0.069048,0.083544,0.023434,0.066276,0.051234,0.071598,0.026761,0.12927,0.16577,0.044485,0.047733,0.11916,0.14005,0.054332,0.053862,0.26912,0.046171,0.079239,0.034707,0.21013,0.036586,0.080552,0.044488,0.046234,0.04783,0.041984,0.039945,0.035087,0.046756,0.054596,0.046906,0.048552,0.071122,0.04057,0.042741,0.043642,0.068097,0.054684,0.040942,0.5678,0.56877
0.2885,0.12352,0.013777,0.056989,0.013752,0.13165,0.010187,0.049238,0.010861,0.038177,0.03675,0.031589,0.032805,0.032851,0.032863,0.027766,0.038495,0.071605,0.075998,0.064353,0.027678,0.063273,0.066335,0.059846,0.034816,0.11688,0.1504,0.031471,0.041448,0.11742,0.1144,0.052833,0.055767,0.14365,0.050175,0.036487,0.049133,0.1028,0.047025,0.061903,0.051541,0.044752,0.043514,0.041882,0.040527,0.039582,0.043488,0.053594,0.050309,0.028605,0.11616,0.023836,0.050449,0.031743,0.11181,0.033742,0.053004,0.45954,0.67783
0.31518,0.11945,0.014637,0.06472,0.014951,0.11767,0.013301,0.060559,0.015767,0.043398,0.041359,0.040861,0.038019,0.036195,0.039059,0.039303,0.035564,0.062291,0.079528,0.062529,0.032124,0.058041,0.067215,0.054322,0.038144,0.10522,0.1164,0.044783,0.046673,0.10216,0.095304,0.052964,0.056213,0.10305,0.055598,0.044186,0.054238,0.089386,0.050236,0.049521,0.058218,0.050523,0.051533,0.045346,0.036143,0.038698,0.048414,0.050813,0.042794,0.023659,0.10902,0.022189,0.0658,0.024911,0.10365,0.024257,0.062934,0.44935,0.69489
0.29899,0.11145,0.01303,0.052003,0.015631,0.12745,0.01634,0.046459,0.010509,0.042144,0.041045,0.040125,0.046396,0.051175,0.03899,0.032188,0.035765,0.056346,0.079489,0.088803,0.043646,0.072131,0.074262,0.071337,0.030231,0.089861,0.14693,0.055216,0.061769,0.098637,0.12813,0.038412,0.033228,0.10317,0.072099,0.05569,0.063988,0.09006,0.058074,0.035545,0.045248,0.05134,0.060912,0.059602,0.046464,0.039801,0.040246,0.040515,0.038608,0.033572,0.12198,0.031919,0.055997,0.021324,0.10139,0.024534,0.059625,0.49625,0.65101
0.29004,0.1097,0.011073,0.0549,0.013234,0.11963,0.012798,0.054839,0.011213,0.031349,0.030975,0.030753,0.034563,0.046138,0.040465,0.033453,0.036294,0.052584,0.05574,0.07172,0.03589,0.082109,0.078756,0.066067,0.037434,0.069169,0.13132,0.053892,0.065592,0.139,0.14988,0.056882,0.047915,0.092458,0.060329,0.05555,0.0698,0.15583,0.048496,0.049037,0.043156,0.04746,0.050734,0.061859,0.060333,0.045273,0.045152,0.036096,0.040894,0.031614,0.11329,0.037671,0.061925,0.024808,0.10077,0.024694,0.05557,0.45981,0.67059
0.27181,0.12787,0.0090465,0.056078,0.010306,0.12676,0.011712,0.054632,0.0094293,0.035557,0.033979,0.03448,0.041413,0.037091,0.030227,0.024829,0.034836,0.07114,0.091536,0.068158,0.039468,0.062797,0.073442,0.065409,0.047903,0.15991,0.15105,0.093306,0.061497,0.12415,0.12927,0.088927,0.073,0.15383,0.056435,0.069085,0.056867,0.11284,0.048345,0.091251,0.050978,0.040897,0.046814,0.050885,0.040227,0.037043,0.045525,0.046774,0.047253,0.030443,0.11551,0.026809,0.054031,0.029096,0.11289,0.027611,0.058403,0.47006,0.63444
0.26661,0.11185,0.011904,0.056207,0.011192,0.12274,0.012313,0.04856,0.0097801,0.040381,0.037201,0.036352,0.044512,0.039246,0.034529,0.028783,0.034874,0.072514,0.089203,0.075298,0.040757,0.077113,0.071679,0.069741,0.038138,0.15806,0.14779,0.067734,0.067424,0.13411,0.13596,0.059192,0.056761,0.13579,0.050609,0.064971,0.058275,0.10815,0.049648,0.056702,0.04869,0.043532,0.048009,0.045167,0.037827,0.03721,0.039337,0.043506,0.045402,0.036205,0.11482,0.032892,0.053739,0.026617,0.10778,0.025943,0.055543,0.48654,0.64259
0.27539,0.14175,0.0081042,0.048329,0.01293,0.13542,0.0087418,0.040449,0.010847,0.039792,0.033239,0.037593,0.046575,0.039639,0.027628,0.027872,0.0365,0.071083,0.091889,0.065705,0.029436,0.070784,0.077225,0.062869,0.025526,0.16195,0.18108,0.035042,0.041665,0.14385,0.17296,0.039979,0.037959,0.15861,0.047921,0.035735,0.050948,0.10917,0.044018,0.035782,0.053504,0.044303,0.04963,0.044319,0.037584,0.036767,0.042285,0.040596,0.041636,0.032738,0.12466,0.026175,0.046014,0.024162,0.1258,0.029666,0.053312,0.46383,0.63434
